{
  "task_results": {
    "1": {
      "task_params": [
        3.53,
        3.93,
        2.71,
        5.09,
        0.75,
        0.9422404667595988,
        0.9199446175342095,
        0.8891240149063885
      ],
      "mean_reward": 1805.4498011284854,
      "std_error": 94.98376600245955,
      "ref_score": 0.0,
      "episode_rewards": [
        1672.2236208117617,
        1365.303305134347,
        1662.2535302320555,
        2360.3497135830735,
        2852.7841254851746,
        2100.358776321363,
        1164.8847017788069,
        1280.617594087761,
        1910.7917891774794,
        1173.7163386837692,
        3052.081398874079,
        1589.6516870910516,
        1811.2300944112935,
        2080.2723978888366,
        1422.5539961362476,
        1140.2417389833888,
        1759.034994824004,
        2134.3812697973253,
        1314.576651525147,
        1350.630324573312,
        1540.2422987426967,
        1127.8402848497453,
        3562.1134848609026,
        1349.8791799340117,
        1827.5371096548765,
        3282.69306669781,
        1660.3597863937912,
        1945.9130609103722,
        1079.5202810651192,
        854.685395698426,
        1338.4754766989001,
        1738.9923107415138,
        1078.6684074985058,
        2553.239846055995,
        1344.1086341061368,
        1827.8029037537997,
        1922.1308720507034,
        1437.2945328425913,
        1207.521563730648,
        2195.5018539463204,
        2384.6755153760614,
        1886.8196293520396,
        2761.4545020064184,
        2785.6311321391695,
        875.9259046993209,
        1201.9014137573743,
        1210.534727652797,
        1608.8517192579259,
        1831.1296317673239,
        3653.1074807826976
      ],
      "episode_mean_rewards": [
        1754.3283495295593,
        1765.4654554104684,
        1823.0783948807752,
        1664.3736401425115,
        2020.003165679113
      ],
      "episode_success_rates": [
        0.0,
        0.0,
        0.0,
        0.0,
        0.0
      ],
      "mean_success_rate": 0.0,
      "std_success_rate": 0.0,
      "num_episodes": 5
    },
    "2": {
      "task_params": [
        3.53,
        3.93,
        2.71,
        5.09,
        0.75,
        0.9334896820691325,
        1.0669427771145497,
        0.7500503249196318
      ],
      "mean_reward": 1765.5095626956765,
      "std_error": 97.2200247759518,
      "ref_score": 0.0,
      "episode_rewards": [
        1622.4864453833484,
        2395.710646909065,
        1638.7833914981347,
        1505.423982097041,
        1409.48439252542,
        1165.2303333924574,
        1129.8185854998549,
        2534.431342196982,
        1481.1802723925002,
        1881.0568143286346,
        1486.1830042875347,
        3027.214115928421,
        1995.4251416850805,
        2188.0805499777953,
        810.4517850517417,
        1109.9008274540681,
        1069.5085322639259,
        2847.129832860491,
        1009.9558899144686,
        1780.3009113504202,
        3001.986302568703,
        1094.9002224364842,
        2583.8645602671813,
        2012.4912184642312,
        1571.7973676935355,
        2276.988077668139,
        1302.5797046833454,
        1942.0526016665026,
        947.367278432105,
        2086.821155648188,
        2034.0666244804474,
        1626.2991040525326,
        2271.9753968962596,
        1346.5616692687888,
        1840.3254660663188,
        967.3167518201434,
        1030.6736587351957,
        840.1579517016773,
        1765.111435244292,
        2412.3233177229417,
        2032.1631925862794,
        1743.5225090548272,
        3534.963717325139,
        2358.506494525757,
        1101.6768728563266,
        1522.841660010015,
        953.2833235443619,
        3642.45280201324,
        913.6227013115192,
        1429.028199041994
      ],
      "episode_mean_rewards": [
        1676.3606206223435,
        1732.4150590773945,
        1882.0848489528416,
        1613.4811375988597,
        1923.2061472269463
      ],
      "episode_success_rates": [
        0.0,
        0.0,
        0.0,
        0.0,
        0.0
      ],
      "mean_success_rate": 0.0,
      "std_success_rate": 0.0,
      "num_episodes": 5
    },
    "3": {
      "task_params": [
        3.53,
        3.93,
        2.71,
        5.09,
        0.75,
        0.9418377569424816,
        0.7614075420042722,
        0.991851490266632
      ],
      "mean_reward": 1978.5398762646887,
      "std_error": 111.47134835650571,
      "ref_score": 0.0,
      "episode_rewards": [
        2836.1504729303247,
        1925.1431998071464,
        3752.919503360876,
        3469.1331561340417,
        2458.8557391328,
        1403.0402399830627,
        996.6602684615214,
        2032.3265104635632,
        1231.2883459115467,
        1316.533946693923,
        1739.0846878662317,
        1334.3019177488347,
        1296.853552224378,
        1480.609174973125,
        1604.8823427154687,
        1595.3913419549679,
        1106.850964895508,
        1668.8945680911784,
        1631.0023626315883,
        1233.770543912684,
        2075.4256869249866,
        2210.769147703115,
        1393.4424228497421,
        3156.945685541407,
        2895.984642557908,
        2132.5451855893302,
        1450.5123936790292,
        2886.927282865832,
        3485.8197836271097,
        1020.2754820126596,
        1658.1978204323825,
        2360.9029793415566,
        3735.999819968496,
        1215.9803323358515,
        1207.207008431459,
        1600.4061788743968,
        1594.0108559164075,
        2429.041112864227,
        1727.1509100771357,
        1438.9164267421377,
        2221.4606402344816,
        3088.5475049303,
        1482.9491976804306,
        1948.4695639977049,
        894.4914744977184,
        2827.7592931540803,
        2593.428673459321,
        3508.2067809664,
        1280.2672096094668,
        1291.25947647659
      ],
      "episode_mean_rewards": [
        2142.205138287881,
        1469.1641457013964,
        2270.864771335112,
        1896.7813444984047,
        2113.683981500649
      ],
      "episode_success_rates": [
        0.0,
        0.0,
        0.0,
        0.0,
        0.0
      ],
      "mean_success_rate": 0.0,
      "std_success_rate": 0.0,
      "num_episodes": 5
    },
    "4": {
      "task_params": [
        3.53,
        3.93,
        2.71,
        5.09,
        0.75,
        0.9923510771328132,
        1.0615850419519661,
        0.8779980851216955
      ],
      "mean_reward": 1874.4941452512535,
      "std_error": 114.02021186406505,
      "ref_score": 0.0,